[
{
    "model": "sessions.session",
    "pk": "n4e70osjyx41orxh540pbfiuro9dc3ax",
    "fields": {
        "session_data": "e30:1pJRMj:nFgamfva-WZLGt1Ksj5KQQZW0xLbXN5oCwh7yhDwhpo",
        "expire_date": "2023-02-05T03:49:57.633Z"
    }
},
{
    "model": "category.category",
    "pk": 1,
    "fields": {
        "category_name": "Shirts",
        "slug": "shirts",
        "description": "This is the demo shirt category.",
        "cate_image": "photos/categories/shirts.jpg"
    }
},
{
    "model": "category.category",
    "pk": 2,
    "fields": {
        "category_name": "T Shirt",
        "slug": "t-shirt",
        "description": "This is the demo T Shirt.",
        "cate_image": "photos/categories/tshirts.jpg"
    }
},
{
    "model": "category.category",
    "pk": 3,
    "fields": {
        "category_name": "Shoes",
        "slug": "shoes",
        "description": "This is the demo of Shoes category",
        "cate_image": "photos/categories/shoes.png"
    }
},
{
    "model": "category.category",
    "pk": 4,
    "fields": {
        "category_name": "Jeans",
        "slug": "jeans",
        "description": "This is the demo of Jeans category.",
        "cate_image": "photos/categories/jeans.jpg"
    }
},
{
    "model": "category.category",
    "pk": 5,
    "fields": {
        "category_name": "Jackets",
        "slug": "jackets",
        "description": "This is the demo of Jackets category",
        "cate_image": "photos/categories/jackets.jpg"
    }
},
{
    "model": "accounts.account",
    "fields": {
        "password": "pbkdf2_sha256$216000$s1plVfSjq7SO$WPRb1FhyNCY928fWTnU0uKACo4CBeUrhpyXvJIL9wJQ=",
        "first_name": "admin",
        "last_name": "admin",
        "username": "admin",
        "email": "lastmidnoon@gmail.com",
        "phone_number": "6231931234",
        "date_joined": "2023-01-16T07:00:54.668Z",
        "last_login": "2023-01-22T03:49:38.834Z",
        "is_admin": true,
        "is_staff": true,
        "is_active": true,
        "is_superadmin": true
    }
},
{
    "model": "accounts.account",
    "fields": {
        "password": "pbkdf2_sha256$216000$HgWDoMyaQ04f$BpSKhhHq6qE6MUda/WomQmHisvt+vpgsUViMXKukIrY=",
        "first_name": "John",
        "last_name": "Doe",
        "username": "john",
        "email": "john@greatkart.com",
        "phone_number": "123456789",
        "date_joined": "2023-01-19T01:39:37.043Z",
        "last_login": "2023-01-19T01:39:37.043Z",
        "is_admin": false,
        "is_staff": false,
        "is_active": false,
        "is_superadmin": false
    }
},
{
    "model": "accounts.account",
    "fields": {
        "password": "pbkdf2_sha256$216000$O0yUC9naUj9o$SeEclxpA72qZhEqjKzNHb5DyV8id+KF88JfjjnKopos=",
        "first_name": "Yue",
        "last_name": "Yu",
        "username": "lastmidnoon1",
        "email": "lastmidnoon1@gmail.com",
        "phone_number": "6016691931",
        "date_joined": "2023-01-19T04:24:00.901Z",
        "last_login": "2023-01-20T03:08:13.993Z",
        "is_admin": false,
        "is_staff": false,
        "is_active": true,
        "is_superadmin": false
    }
},
{
    "model": "accounts.account",
    "fields": {
        "password": "pbkdf2_sha256$216000$6bIaRU0LrPgg$wSl37riUA8VHkSUTliA48IIzfxAPtEWp+GBGDVnfmjg=",
        "first_name": "test",
        "last_name": "test",
        "username": "test",
        "email": "test@gmail.com",
        "phone_number": "1234567890",
        "date_joined": "2023-01-21T23:01:56.902Z",
        "last_login": "2023-01-21T23:01:56.902Z",
        "is_admin": false,
        "is_staff": false,
        "is_active": false,
        "is_superadmin": false
    }
},
{
    "model": "accounts.userprofile",
    "pk": 1,
    "fields": {
        "user": [
            "lastmidnoon@gmail.com"
        ],
        "address_line_1": "7491 Brompton Street",
        "address_line_2": "451",
        "profile_picture": "userprofile/avatar2.png",
        "state": "TX",
        "city": "Houston",
        "country": "United States"
    }
},
{
    "model": "accounts.userprofile",
    "pk": 2,
    "fields": {
        "user": [
            "test@gmail.com"
        ],
        "address_line_1": "",
        "address_line_2": "",
        "profile_picture": "default/default-user.png",
        "state": "",
        "city": "",
        "country": ""
    }
},
{
    "model": "store.product",
    "pk": 1,
    "fields": {
        "product_name": "ATX-Jeans",
        "slug": "atx-jeans",
        "description": "Jeans are a type of pants or trousers made from denim or dungaree cloth. Often the term \"jeans\" refers to a particular style of trousers, called \"blue jeans\",",
        "price": 199,
        "image": "photos/products/ATX-Jeans.jpg",
        "stock": 100,
        "is_available": true,
        "category": 4,
        "created_date": "2023-01-16T22:45:42.530Z",
        "modified_date": "2023-01-22T01:19:45.960Z"
    }
},
{
    "model": "store.product",
    "pk": 2,
    "fields": {
        "product_name": "Blue-Shirt",
        "slug": "blue-shirt",
        "description": "A shirt is a cloth garment for the upper body (from the neck to the waist).",
        "price": 249,
        "image": "photos/products/Blue-Shirt.jpg",
        "stock": 50,
        "is_available": true,
        "category": 1,
        "created_date": "2023-01-16T22:46:46.597Z",
        "modified_date": "2023-01-16T22:46:46.597Z"
    }
},
{
    "model": "store.product",
    "pk": 3,
    "fields": {
        "product_name": "Great-Tshirt",
        "slug": "great-tshirt",
        "description": "A T-shirt (also spelled tee-shirt or tee shirt), or tee for short, is a style of fabric shirt named after the T shape of its body and sleeves.",
        "price": 99,
        "image": "photos/products/Great-Tshirt.jpg",
        "stock": 0,
        "is_available": true,
        "category": 2,
        "created_date": "2023-01-16T22:47:30.226Z",
        "modified_date": "2023-01-17T00:54:20.063Z"
    }
},
{
    "model": "store.product",
    "pk": 4,
    "fields": {
        "product_name": "jordan-true-flight-basketball-shoes",
        "slug": "jordan-true-flight-basketball-shoes",
        "description": "Air Jordan is a line of basketball shoes and athletic apparel produced by American corporation Nike, Inc.",
        "price": 499,
        "image": "photos/products/jordan-true-flight-basketball-shoes.jpg",
        "stock": 20,
        "is_available": true,
        "category": 3,
        "created_date": "2023-01-16T22:49:33.371Z",
        "modified_date": "2023-01-16T22:49:33.371Z"
    }
},
{
    "model": "store.product",
    "pk": 5,
    "fields": {
        "product_name": "Mavi_jeans",
        "slug": "mavi_jeans",
        "description": "Jeans are a type of pants or trousers made from denim or dungaree cloth. Often the term \"jeans\" refers to a particular style of trousers, called \"blue jeans\",",
        "price": 299,
        "image": "photos/products/Mavi_jeans.jpg",
        "stock": 150,
        "is_available": true,
        "category": 4,
        "created_date": "2023-01-16T22:50:29.534Z",
        "modified_date": "2023-01-16T22:50:29.534Z"
    }
},
{
    "model": "store.product",
    "pk": 6,
    "fields": {
        "product_name": "Puma-Ferrari-Shoes",
        "slug": "puma-ferrari-shoes",
        "description": "A shoe is an item of footwear intended to protect and comfort the human foot. They are often worn with a sock.",
        "price": 599,
        "image": "photos/products/Puma-Ferrari-Shoes.jpg",
        "stock": 35,
        "is_available": true,
        "category": 3,
        "created_date": "2023-01-16T22:51:21.733Z",
        "modified_date": "2023-01-16T22:51:21.733Z"
    }
},
{
    "model": "store.product",
    "pk": 7,
    "fields": {
        "product_name": "US-Polo-Assn_Jacket",
        "slug": "us-polo-assn_jacket",
        "description": "A jacket is a garment for the upper body, usually extending below the hips.[1] A jacket typically has sleeves, and fastens in the front or slightly on the side.",
        "price": 769,
        "image": "photos/products/US-Polo-Assn_Jacket.jpg",
        "stock": 50,
        "is_available": true,
        "category": 5,
        "created_date": "2023-01-16T22:52:03.224Z",
        "modified_date": "2023-01-16T22:52:03.224Z"
    }
},
{
    "model": "store.product",
    "pk": 8,
    "fields": {
        "product_name": "Wrangler-Shirt",
        "slug": "wrangler-shirt",
        "description": "A shirt is a cloth garment for the upper body (from the neck to the waist).",
        "price": 189,
        "image": "photos/products/Wrangler-Shirt.jpg",
        "stock": 200,
        "is_available": true,
        "category": 1,
        "created_date": "2023-01-16T22:52:42.407Z",
        "modified_date": "2023-01-16T22:52:42.407Z"
    }
},
{
    "model": "store.variation",
    "pk": 1,
    "fields": {
        "product": 1,
        "variation_category": "color",
        "variation_value": "Red",
        "is_active": true,
        "created_date": "2023-01-18T04:03:17.962Z"
    }
},
{
    "model": "store.variation",
    "pk": 2,
    "fields": {
        "product": 1,
        "variation_category": "color",
        "variation_value": "Blue",
        "is_active": true,
        "created_date": "2023-01-18T04:03:32.717Z"
    }
},
{
    "model": "store.variation",
    "pk": 3,
    "fields": {
        "product": 1,
        "variation_category": "color",
        "variation_value": "Green",
        "is_active": true,
        "created_date": "2023-01-18T04:03:42.093Z"
    }
},
{
    "model": "store.variation",
    "pk": 4,
    "fields": {
        "product": 1,
        "variation_category": "size",
        "variation_value": "Small",
        "is_active": true,
        "created_date": "2023-01-18T04:17:00.680Z"
    }
},
{
    "model": "store.variation",
    "pk": 5,
    "fields": {
        "product": 1,
        "variation_category": "size",
        "variation_value": "Medium",
        "is_active": true,
        "created_date": "2023-01-18T04:23:00.578Z"
    }
},
{
    "model": "store.variation",
    "pk": 6,
    "fields": {
        "product": 1,
        "variation_category": "size",
        "variation_value": "Large",
        "is_active": true,
        "created_date": "2023-01-18T04:23:10.589Z"
    }
},
{
    "model": "store.reviewrating",
    "pk": 1,
    "fields": {
        "product": 1,
        "user": [
            "lastmidnoon@gmail.com"
        ],
        "subject": "Test subject",
        "review": "test review",
        "rating": 4.5,
        "ip": "127.0.0.1",
        "status": true,
        "created_date": "2023-01-21T04:53:13.638Z",
        "updated_date": "2023-01-21T06:04:13.007Z"
    }
},
{
    "model": "store.reviewrating",
    "pk": 2,
    "fields": {
        "product": 1,
        "user": [
            "lastmidnoon1@gmail.com"
        ],
        "subject": "Test email2",
        "review": "test",
        "rating": 5.0,
        "ip": "127.0.0.1",
        "status": true,
        "created_date": "2023-01-21T06:04:31.550Z",
        "updated_date": "2023-01-21T06:04:31.550Z"
    }
},
{
    "model": "store.productgallery",
    "pk": 1,
    "fields": {
        "product": 1,
        "image": "store/products/image1.jpg"
    }
},
{
    "model": "store.productgallery",
    "pk": 2,
    "fields": {
        "product": 1,
        "image": "store/products/image2.jpg"
    }
},
{
    "model": "store.productgallery",
    "pk": 3,
    "fields": {
        "product": 1,
        "image": "store/products/image13.jpg"
    }
},
{
    "model": "carts.cartitem",
    "pk": 48,
    "fields": {
        "user": [
            "lastmidnoon@gmail.com"
        ],
        "product": 1,
        "cart": null,
        "quantity": 3,
        "is_active": true,
        "variations": [
            1,
            5
        ]
    }
},
{
    "model": "carts.cartitem",
    "pk": 49,
    "fields": {
        "user": [
            "lastmidnoon@gmail.com"
        ],
        "product": 1,
        "cart": null,
        "quantity": 1,
        "is_active": true,
        "variations": [
            2,
            4
        ]
    }
},
{
    "model": "orders.order",
    "pk": 2,
    "fields": {
        "user": null,
        "payment": null,
        "order_number": "202301202",
        "first_name": "Yue",
        "last_name": "Yu",
        "phone": "6016691931",
        "email": "lastmidnoon@gmail.com",
        "address_line_1": "1885 El Paseo Street",
        "address_line_2": "APT 844",
        "country": "United States",
        "state": "TX",
        "city": "Houston",
        "order_note": "hello",
        "order_total": 1217.88,
        "tax": 23.88,
        "status": "New",
        "ip": "127.0.0.1",
        "is_ordered": false,
        "created_at": "2023-01-20T06:25:20.829Z",
        "updated_at": "2023-01-20T06:25:20.958Z"
    }
},
{
    "model": "orders.order",
    "pk": 3,
    "fields": {
        "user": null,
        "payment": null,
        "order_number": "202301203",
        "first_name": "Yue",
        "last_name": "Yu",
        "phone": "6016691931",
        "email": "lastmidnoon@gmail.com",
        "address_line_1": "1885 El Paseo Street",
        "address_line_2": "APT 844",
        "country": "United States",
        "state": "TX",
        "city": "Houston",
        "order_note": "Place the order",
        "order_total": 1217.88,
        "tax": 23.88,
        "status": "New",
        "ip": "127.0.0.1",
        "is_ordered": false,
        "created_at": "2023-01-20T06:30:02.691Z",
        "updated_at": "2023-01-20T06:30:03.005Z"
    }
},
{
    "model": "orders.order",
    "pk": 4,
    "fields": {
        "user": null,
        "payment": null,
        "order_number": "202301204",
        "first_name": "Yue",
        "last_name": "Yu",
        "phone": "6016691931",
        "email": "lastmidnoon@gmail.com",
        "address_line_1": "1885 El Paseo Street",
        "address_line_2": "APT 844",
        "country": "United States",
        "state": "TX",
        "city": "Houston",
        "order_note": "Place the order",
        "order_total": 1217.88,
        "tax": 23.88,
        "status": "New",
        "ip": "127.0.0.1",
        "is_ordered": false,
        "created_at": "2023-01-20T06:32:57.270Z",
        "updated_at": "2023-01-20T06:32:57.389Z"
    }
},
{
    "model": "orders.order",
    "pk": 5,
    "fields": {
        "user": [
            "lastmidnoon@gmail.com"
        ],
        "payment": null,
        "order_number": "202301205",
        "first_name": "Yue",
        "last_name": "Yu",
        "phone": "6016691931",
        "email": "lastmidnoon@gmail.com",
        "address_line_1": "1885 El Paseo Street",
        "address_line_2": "APT 844",
        "country": "United States",
        "state": "TX",
        "city": "Houston",
        "order_note": "hello",
        "order_total": 1217.88,
        "tax": 23.88,
        "status": "New",
        "ip": "127.0.0.1",
        "is_ordered": false,
        "created_at": "2023-01-20T06:36:23.207Z",
        "updated_at": "2023-01-20T06:36:23.453Z"
    }
},
{
    "model": "orders.order",
    "pk": 6,
    "fields": {
        "user": [
            "lastmidnoon@gmail.com"
        ],
        "payment": null,
        "order_number": "202301206",
        "first_name": "Yue",
        "last_name": "Yu",
        "phone": "6016691931",
        "email": "lastmidnoon@gmail.com",
        "address_line_1": "1885 El Paseo Street",
        "address_line_2": "APT 844",
        "country": "United States",
        "state": "TX",
        "city": "Houston",
        "order_note": "11",
        "order_total": 1217.88,
        "tax": 23.88,
        "status": "New",
        "ip": "127.0.0.1",
        "is_ordered": false,
        "created_at": "2023-01-20T06:53:45.486Z",
        "updated_at": "2023-01-20T06:53:45.606Z"
    }
},
{
    "model": "orders.order",
    "pk": 7,
    "fields": {
        "user": [
            "lastmidnoon@gmail.com"
        ],
        "payment": null,
        "order_number": "202301207",
        "first_name": "Yue",
        "last_name": "Yu",
        "phone": "6016691931",
        "email": "lastmidnoon@gmail.com",
        "address_line_1": "1885 El Paseo Street",
        "address_line_2": "APT 844",
        "country": "United States",
        "state": "TX",
        "city": "Houston",
        "order_note": "11",
        "order_total": 1217.88,
        "tax": 23.88,
        "status": "New",
        "ip": "127.0.0.1",
        "is_ordered": false,
        "created_at": "2023-01-20T06:55:22.793Z",
        "updated_at": "2023-01-20T06:55:22.925Z"
    }
},
{
    "model": "orders.order",
    "pk": 8,
    "fields": {
        "user": [
            "lastmidnoon@gmail.com"
        ],
        "payment": null,
        "order_number": "202301208",
        "first_name": "Yue",
        "last_name": "Yu",
        "phone": "6016691931",
        "email": "lastmidnoon@gmail.com",
        "address_line_1": "1885 El Paseo Street",
        "address_line_2": "APT 844",
        "country": "United States",
        "state": "TX",
        "city": "Houston",
        "order_note": "11",
        "order_total": 1217.88,
        "tax": 23.88,
        "status": "New",
        "ip": "127.0.0.1",
        "is_ordered": false,
        "created_at": "2023-01-20T06:55:30.714Z",
        "updated_at": "2023-01-20T06:55:30.834Z"
    }
},
{
    "model": "orders.order",
    "pk": 9,
    "fields": {
        "user": [
            "lastmidnoon@gmail.com"
        ],
        "payment": null,
        "order_number": "202301209",
        "first_name": "Yue",
        "last_name": "Yu",
        "phone": "6016691931",
        "email": "lastmidnoon@gmail.com",
        "address_line_1": "1885 El Paseo Street",
        "address_line_2": "APT 844",
        "country": "United States",
        "state": "TX",
        "city": "Houston",
        "order_note": "11",
        "order_total": 1217.88,
        "tax": 23.88,
        "status": "New",
        "ip": "127.0.0.1",
        "is_ordered": false,
        "created_at": "2023-01-20T06:56:37.238Z",
        "updated_at": "2023-01-20T06:56:37.366Z"
    }
},
{
    "model": "orders.order",
    "pk": 10,
    "fields": {
        "user": [
            "lastmidnoon@gmail.com"
        ],
        "payment": null,
        "order_number": "2023012010",
        "first_name": "Yue",
        "last_name": "Yu",
        "phone": "6016691931",
        "email": "lastmidnoon@gmail.com",
        "address_line_1": "1885 El Paseo Street",
        "address_line_2": "APT 844",
        "country": "United States",
        "state": "TX",
        "city": "Houston",
        "order_note": "",
        "order_total": 1217.88,
        "tax": 23.88,
        "status": "New",
        "ip": "127.0.0.1",
        "is_ordered": false,
        "created_at": "2023-01-20T06:57:06.021Z",
        "updated_at": "2023-01-20T06:57:06.162Z"
    }
},
{
    "model": "orders.order",
    "pk": 11,
    "fields": {
        "user": [
            "lastmidnoon@gmail.com"
        ],
        "payment": null,
        "order_number": "2023012011",
        "first_name": "Yue",
        "last_name": "Yu",
        "phone": "6016691931",
        "email": "Yue.Yu@uth.tmc.edu",
        "address_line_1": "7490 Brompton Street",
        "address_line_2": "451",
        "country": "United States",
        "state": "TX",
        "city": "Houston",
        "order_note": "111",
        "order_total": 1217.88,
        "tax": 23.88,
        "status": "New",
        "ip": "127.0.0.1",
        "is_ordered": false,
        "created_at": "2023-01-20T06:58:03.722Z",
        "updated_at": "2023-01-20T06:58:03.960Z"
    }
},
{
    "model": "orders.order",
    "pk": 12,
    "fields": {
        "user": [
            "lastmidnoon@gmail.com"
        ],
        "payment": null,
        "order_number": "2023012012",
        "first_name": "Yue",
        "last_name": "Yu",
        "phone": "6016691931",
        "email": "lastmidnoon@gmail.com",
        "address_line_1": "1885 El Paseo Street",
        "address_line_2": "APT 844",
        "country": "United States",
        "state": "TX",
        "city": "Houston",
        "order_note": "11",
        "order_total": 1217.88,
        "tax": 23.88,
        "status": "New",
        "ip": "127.0.0.1",
        "is_ordered": false,
        "created_at": "2023-01-20T06:58:17.500Z",
        "updated_at": "2023-01-20T06:58:17.620Z"
    }
},
{
    "model": "orders.order",
    "pk": 13,
    "fields": {
        "user": [
            "lastmidnoon@gmail.com"
        ],
        "payment": null,
        "order_number": "2023012013",
        "first_name": "Yue",
        "last_name": "Yu",
        "phone": "6016691931",
        "email": "lastmidnoon@gmail.com",
        "address_line_1": "1885 El Paseo Street",
        "address_line_2": "APT 844",
        "country": "United States",
        "state": "TX",
        "city": "Houston",
        "order_note": "11",
        "order_total": 1217.88,
        "tax": 23.88,
        "status": "New",
        "ip": "127.0.0.1",
        "is_ordered": false,
        "created_at": "2023-01-20T07:00:40.353Z",
        "updated_at": "2023-01-20T07:00:40.477Z"
    }
},
{
    "model": "orders.order",
    "pk": 14,
    "fields": {
        "user": [
            "lastmidnoon@gmail.com"
        ],
        "payment": null,
        "order_number": "2023012014",
        "first_name": "Yue",
        "last_name": "Yu",
        "phone": "6016691931",
        "email": "lastmidnoon@gmail.com",
        "address_line_1": "1885 El Paseo Street",
        "address_line_2": "APT 844",
        "country": "United States",
        "state": "TX",
        "city": "Houston",
        "order_note": "11",
        "order_total": 1217.88,
        "tax": 23.88,
        "status": "New",
        "ip": "127.0.0.1",
        "is_ordered": false,
        "created_at": "2023-01-20T07:01:21.173Z",
        "updated_at": "2023-01-20T07:01:21.290Z"
    }
},
{
    "model": "orders.order",
    "pk": 15,
    "fields": {
        "user": [
            "lastmidnoon@gmail.com"
        ],
        "payment": null,
        "order_number": "2023012015",
        "first_name": "Yue",
        "last_name": "Yu",
        "phone": "6016691931",
        "email": "lastmidnoon@gmail.com",
        "address_line_1": "1885 El Paseo Street",
        "address_line_2": "APT 844",
        "country": "United States",
        "state": "TX",
        "city": "Houston",
        "order_note": "11",
        "order_total": 1217.88,
        "tax": 23.88,
        "status": "New",
        "ip": "127.0.0.1",
        "is_ordered": false,
        "created_at": "2023-01-20T07:02:10.368Z",
        "updated_at": "2023-01-20T07:02:10.487Z"
    }
},
{
    "model": "orders.order",
    "pk": 16,
    "fields": {
        "user": [
            "lastmidnoon@gmail.com"
        ],
        "payment": null,
        "order_number": "2023012016",
        "first_name": "Yue",
        "last_name": "Yu",
        "phone": "6016691931",
        "email": "lastmidnoon@gmail.com",
        "address_line_1": "1885 El Paseo Street",
        "address_line_2": "APT 844",
        "country": "United States",
        "state": "TX",
        "city": "Houston",
        "order_note": "11",
        "order_total": 1217.88,
        "tax": 23.88,
        "status": "New",
        "ip": "127.0.0.1",
        "is_ordered": false,
        "created_at": "2023-01-20T07:03:02.448Z",
        "updated_at": "2023-01-20T07:03:02.559Z"
    }
},
{
    "model": "orders.order",
    "pk": 17,
    "fields": {
        "user": [
            "lastmidnoon@gmail.com"
        ],
        "payment": null,
        "order_number": "2023012017",
        "first_name": "Yue",
        "last_name": "Yu",
        "phone": "6016691931",
        "email": "lastmidnoon@gmail.com",
        "address_line_1": "1885 El Paseo Street",
        "address_line_2": "APT 844",
        "country": "United States",
        "state": "TX",
        "city": "Houston",
        "order_note": "11",
        "order_total": 1217.88,
        "tax": 23.88,
        "status": "New",
        "ip": "127.0.0.1",
        "is_ordered": false,
        "created_at": "2023-01-20T07:03:36.989Z",
        "updated_at": "2023-01-20T07:03:37.114Z"
    }
},
{
    "model": "orders.order",
    "pk": 18,
    "fields": {
        "user": [
            "lastmidnoon@gmail.com"
        ],
        "payment": null,
        "order_number": "2023012018",
        "first_name": "Yue",
        "last_name": "Yu",
        "phone": "6016691931",
        "email": "lastmidnoon@gmail.com",
        "address_line_1": "1885 El Paseo Street",
        "address_line_2": "APT 844",
        "country": "United States",
        "state": "TX",
        "city": "Houston",
        "order_note": "11",
        "order_total": 1217.88,
        "tax": 23.88,
        "status": "New",
        "ip": "127.0.0.1",
        "is_ordered": false,
        "created_at": "2023-01-20T07:04:02.756Z",
        "updated_at": "2023-01-20T07:04:02.968Z"
    }
},
{
    "model": "orders.order",
    "pk": 19,
    "fields": {
        "user": [
            "lastmidnoon@gmail.com"
        ],
        "payment": null,
        "order_number": "2023012019",
        "first_name": "Yue",
        "last_name": "Yu",
        "phone": "6016691931",
        "email": "lastmidnoon@gmail.com",
        "address_line_1": "1885 El Paseo Street",
        "address_line_2": "APT 844",
        "country": "United States",
        "state": "TX",
        "city": "Houston",
        "order_note": "11",
        "order_total": 1217.88,
        "tax": 23.88,
        "status": "New",
        "ip": "127.0.0.1",
        "is_ordered": false,
        "created_at": "2023-01-20T07:04:33.325Z",
        "updated_at": "2023-01-20T07:04:33.453Z"
    }
},
{
    "model": "orders.order",
    "pk": 20,
    "fields": {
        "user": [
            "lastmidnoon@gmail.com"
        ],
        "payment": null,
        "order_number": "2023012020",
        "first_name": "Yue",
        "last_name": "Yu",
        "phone": "6016691931",
        "email": "lastmidnoon@gmail.com",
        "address_line_1": "1885 El Paseo Street",
        "address_line_2": "APT 844",
        "country": "United States",
        "state": "TX",
        "city": "Houston",
        "order_note": "11",
        "order_total": 1217.88,
        "tax": 23.88,
        "status": "New",
        "ip": "127.0.0.1",
        "is_ordered": false,
        "created_at": "2023-01-20T07:05:17.554Z",
        "updated_at": "2023-01-20T07:05:17.674Z"
    }
},
{
    "model": "orders.order",
    "pk": 21,
    "fields": {
        "user": [
            "lastmidnoon@gmail.com"
        ],
        "payment": null,
        "order_number": "2023012021",
        "first_name": "Yue",
        "last_name": "Yu",
        "phone": "6016691931",
        "email": "lastmidnoon@gmail.com",
        "address_line_1": "1885 El Paseo Street",
        "address_line_2": "APT 844",
        "country": "United States",
        "state": "TX",
        "city": "Houston",
        "order_note": "11",
        "order_total": 1217.88,
        "tax": 23.88,
        "status": "New",
        "ip": "127.0.0.1",
        "is_ordered": false,
        "created_at": "2023-01-20T07:05:33.222Z",
        "updated_at": "2023-01-20T07:05:33.351Z"
    }
},
{
    "model": "orders.order",
    "pk": 22,
    "fields": {
        "user": [
            "lastmidnoon@gmail.com"
        ],
        "payment": null,
        "order_number": "2023012022",
        "first_name": "Yue",
        "last_name": "Yu",
        "phone": "6016691931",
        "email": "lastmidnoon@gmail.com",
        "address_line_1": "1885 El Paseo Street",
        "address_line_2": "APT 844",
        "country": "United States",
        "state": "TX",
        "city": "Houston",
        "order_note": "11",
        "order_total": 1217.88,
        "tax": 23.88,
        "status": "New",
        "ip": "127.0.0.1",
        "is_ordered": false,
        "created_at": "2023-01-20T20:15:15.169Z",
        "updated_at": "2023-01-20T20:15:15.318Z"
    }
},
{
    "model": "orders.order",
    "pk": 23,
    "fields": {
        "user": [
            "lastmidnoon@gmail.com"
        ],
        "payment": null,
        "order_number": "2023012023",
        "first_name": "Yue",
        "last_name": "Yu",
        "phone": "6016691931",
        "email": "lastmidnoon@gmail.com",
        "address_line_1": "1885 El Paseo Street",
        "address_line_2": "APT 844",
        "country": "United States",
        "state": "TX",
        "city": "Houston",
        "order_note": "",
        "order_total": 1217.88,
        "tax": 23.88,
        "status": "New",
        "ip": "127.0.0.1",
        "is_ordered": false,
        "created_at": "2023-01-20T21:28:19.133Z",
        "updated_at": "2023-01-20T21:28:19.285Z"
    }
},
{
    "model": "orders.order",
    "pk": 24,
    "fields": {
        "user": [
            "lastmidnoon@gmail.com"
        ],
        "payment": null,
        "order_number": "2023012024",
        "first_name": "Yue",
        "last_name": "Yu",
        "phone": "6016691931",
        "email": "lastmidnoon@gmail.com",
        "address_line_1": "1885 El Paseo Street",
        "address_line_2": "APT 844",
        "country": "United States",
        "state": "TX",
        "city": "Houston",
        "order_note": "111",
        "order_total": 1217.88,
        "tax": 23.88,
        "status": "New",
        "ip": "127.0.0.1",
        "is_ordered": false,
        "created_at": "2023-01-20T21:28:29.775Z",
        "updated_at": "2023-01-20T21:28:29.903Z"
    }
},
{
    "model": "orders.order",
    "pk": 25,
    "fields": {
        "user": [
            "lastmidnoon@gmail.com"
        ],
        "payment": null,
        "order_number": "2023012025",
        "first_name": "Yue",
        "last_name": "Yu",
        "phone": "6016691931",
        "email": "lastmidnoon@gmail.com",
        "address_line_1": "1885 El Paseo Street",
        "address_line_2": "APT 844",
        "country": "United States",
        "state": "TX",
        "city": "Houston",
        "order_note": "111",
        "order_total": 1217.88,
        "tax": 23.88,
        "status": "New",
        "ip": "127.0.0.1",
        "is_ordered": false,
        "created_at": "2023-01-20T21:29:50.222Z",
        "updated_at": "2023-01-20T21:29:50.370Z"
    }
},
{
    "model": "orders.order",
    "pk": 26,
    "fields": {
        "user": [
            "lastmidnoon@gmail.com"
        ],
        "payment": null,
        "order_number": "2023012026",
        "first_name": "Yue",
        "last_name": "Yu",
        "phone": "6016691931",
        "email": "lastmidnoon@gmail.com",
        "address_line_1": "1885 El Paseo Street",
        "address_line_2": "APT 844",
        "country": "United States",
        "state": "TX",
        "city": "Houston",
        "order_note": "111",
        "order_total": 1217.88,
        "tax": 23.88,
        "status": "New",
        "ip": "127.0.0.1",
        "is_ordered": false,
        "created_at": "2023-01-20T21:56:32.321Z",
        "updated_at": "2023-01-20T21:56:32.458Z"
    }
},
{
    "model": "orders.order",
    "pk": 27,
    "fields": {
        "user": [
            "lastmidnoon@gmail.com"
        ],
        "payment": null,
        "order_number": "2023012027",
        "first_name": "Yue",
        "last_name": "Yu",
        "phone": "6016691931",
        "email": "lastmidnoon@gmail.com",
        "address_line_1": "1885 El Paseo Street",
        "address_line_2": "APT 844",
        "country": "United States",
        "state": "TX",
        "city": "Houston",
        "order_note": "111",
        "order_total": 1217.88,
        "tax": 23.88,
        "status": "New",
        "ip": "127.0.0.1",
        "is_ordered": false,
        "created_at": "2023-01-20T22:01:13.619Z",
        "updated_at": "2023-01-20T22:01:13.746Z"
    }
},
{
    "model": "orders.order",
    "pk": 28,
    "fields": {
        "user": [
            "lastmidnoon@gmail.com"
        ],
        "payment": null,
        "order_number": "2023012028",
        "first_name": "Yue",
        "last_name": "Yu",
        "phone": "6016691931",
        "email": "lastmidnoon@gmail.com",
        "address_line_1": "1885 El Paseo Street",
        "address_line_2": "APT 844",
        "country": "United States",
        "state": "TX",
        "city": "Houston",
        "order_note": "111",
        "order_total": 1217.88,
        "tax": 23.88,
        "status": "New",
        "ip": "127.0.0.1",
        "is_ordered": false,
        "created_at": "2023-01-20T22:01:34.635Z",
        "updated_at": "2023-01-20T22:01:34.757Z"
    }
},
{
    "model": "orders.order",
    "pk": 29,
    "fields": {
        "user": [
            "lastmidnoon@gmail.com"
        ],
        "payment": null,
        "order_number": "2023012029",
        "first_name": "Yue",
        "last_name": "Yu",
        "phone": "6016691931",
        "email": "lastmidnoon@gmail.com",
        "address_line_1": "1885 El Paseo Street",
        "address_line_2": "APT 844",
        "country": "United States",
        "state": "TX",
        "city": "Houston",
        "order_note": "111",
        "order_total": 1217.88,
        "tax": 23.88,
        "status": "New",
        "ip": "127.0.0.1",
        "is_ordered": false,
        "created_at": "2023-01-20T22:02:09.190Z",
        "updated_at": "2023-01-20T22:02:09.328Z"
    }
},
{
    "model": "orders.order",
    "pk": 30,
    "fields": {
        "user": [
            "lastmidnoon@gmail.com"
        ],
        "payment": null,
        "order_number": "2023012030",
        "first_name": "Yue",
        "last_name": "Yu",
        "phone": "6016691931",
        "email": "lastmidnoon@gmail.com",
        "address_line_1": "1885 El Paseo Street",
        "address_line_2": "APT 844",
        "country": "United States",
        "state": "TX",
        "city": "Houston",
        "order_note": "111",
        "order_total": 1217.88,
        "tax": 23.88,
        "status": "New",
        "ip": "127.0.0.1",
        "is_ordered": false,
        "created_at": "2023-01-20T22:02:51.613Z",
        "updated_at": "2023-01-20T22:02:51.749Z"
    }
},
{
    "model": "orders.order",
    "pk": 31,
    "fields": {
        "user": [
            "lastmidnoon@gmail.com"
        ],
        "payment": null,
        "order_number": "2023012031",
        "first_name": "Yue",
        "last_name": "Yu",
        "phone": "6016691931",
        "email": "lastmidnoon@gmail.com",
        "address_line_1": "1885 El Paseo Street",
        "address_line_2": "APT 844",
        "country": "United States",
        "state": "TX",
        "city": "Houston",
        "order_note": "111",
        "order_total": 1217.88,
        "tax": 23.88,
        "status": "New",
        "ip": "127.0.0.1",
        "is_ordered": false,
        "created_at": "2023-01-20T22:02:55.589Z",
        "updated_at": "2023-01-20T22:02:55.724Z"
    }
},
{
    "model": "orders.order",
    "pk": 32,
    "fields": {
        "user": [
            "lastmidnoon@gmail.com"
        ],
        "payment": null,
        "order_number": "2023012032",
        "first_name": "Yue",
        "last_name": "Yu",
        "phone": "6016691931",
        "email": "lastmidnoon@gmail.com",
        "address_line_1": "1885 El Paseo Street",
        "address_line_2": "APT 844",
        "country": "United States",
        "state": "TX",
        "city": "Houston",
        "order_note": "11",
        "order_total": 1217.88,
        "tax": 23.88,
        "status": "New",
        "ip": "127.0.0.1",
        "is_ordered": false,
        "created_at": "2023-01-20T22:04:00.187Z",
        "updated_at": "2023-01-20T22:04:00.323Z"
    }
},
{
    "model": "orders.order",
    "pk": 33,
    "fields": {
        "user": [
            "lastmidnoon@gmail.com"
        ],
        "payment": null,
        "order_number": "2023012033",
        "first_name": "Yue",
        "last_name": "Yu",
        "phone": "6016691931",
        "email": "lastmidnoon@gmail.com",
        "address_line_1": "1885 El Paseo Street",
        "address_line_2": "APT 844",
        "country": "United States",
        "state": "TX",
        "city": "Houston",
        "order_note": "11",
        "order_total": 1217.88,
        "tax": 23.88,
        "status": "New",
        "ip": "127.0.0.1",
        "is_ordered": false,
        "created_at": "2023-01-20T22:04:53.554Z",
        "updated_at": "2023-01-20T22:04:53.687Z"
    }
},
{
    "model": "orders.order",
    "pk": 34,
    "fields": {
        "user": [
            "lastmidnoon@gmail.com"
        ],
        "payment": null,
        "order_number": "2023012034",
        "first_name": "Yue",
        "last_name": "Yu",
        "phone": "6016691931",
        "email": "lastmidnoon@gmail.com",
        "address_line_1": "1885 El Paseo Street",
        "address_line_2": "APT 844",
        "country": "United States",
        "state": "TX",
        "city": "Houston",
        "order_note": "111",
        "order_total": 1217.88,
        "tax": 23.88,
        "status": "New",
        "ip": "127.0.0.1",
        "is_ordered": false,
        "created_at": "2023-01-20T22:05:22.029Z",
        "updated_at": "2023-01-20T22:05:22.299Z"
    }
},
{
    "model": "orders.order",
    "pk": 35,
    "fields": {
        "user": [
            "lastmidnoon@gmail.com"
        ],
        "payment": null,
        "order_number": "2023012035",
        "first_name": "Yue",
        "last_name": "Yu",
        "phone": "6016691931",
        "email": "lastmidnoon@gmail.com",
        "address_line_1": "1885 El Paseo Street",
        "address_line_2": "APT 844",
        "country": "United States",
        "state": "TX",
        "city": "Houston",
        "order_note": "111",
        "order_total": 1217.88,
        "tax": 23.88,
        "status": "New",
        "ip": "127.0.0.1",
        "is_ordered": false,
        "created_at": "2023-01-20T22:06:50.791Z",
        "updated_at": "2023-01-20T22:06:50.992Z"
    }
},
{
    "model": "orders.order",
    "pk": 36,
    "fields": {
        "user": [
            "lastmidnoon@gmail.com"
        ],
        "payment": null,
        "order_number": "2023012036",
        "first_name": "Yue",
        "last_name": "Yu",
        "phone": "6016691931",
        "email": "lastmidnoon@gmail.com",
        "address_line_1": "1885 El Paseo Street",
        "address_line_2": "APT 844",
        "country": "United States",
        "state": "TX",
        "city": "Houston",
        "order_note": "111",
        "order_total": 1217.88,
        "tax": 23.88,
        "status": "New",
        "ip": "127.0.0.1",
        "is_ordered": false,
        "created_at": "2023-01-20T22:08:17.145Z",
        "updated_at": "2023-01-20T22:08:17.418Z"
    }
},
{
    "model": "orders.order",
    "pk": 37,
    "fields": {
        "user": [
            "lastmidnoon@gmail.com"
        ],
        "payment": null,
        "order_number": "2023012037",
        "first_name": "Yue",
        "last_name": "Yu",
        "phone": "6016691931",
        "email": "lastmidnoon@gmail.com",
        "address_line_1": "1885 El Paseo Street",
        "address_line_2": "APT 844",
        "country": "United States",
        "state": "TX",
        "city": "Houston",
        "order_note": "111",
        "order_total": 1420.86,
        "tax": 27.86,
        "status": "New",
        "ip": "127.0.0.1",
        "is_ordered": false,
        "created_at": "2023-01-20T22:08:43.369Z",
        "updated_at": "2023-01-20T22:08:43.504Z"
    }
},
{
    "model": "orders.order",
    "pk": 38,
    "fields": {
        "user": [
            "lastmidnoon@gmail.com"
        ],
        "payment": null,
        "order_number": "2023012038",
        "first_name": "Yue",
        "last_name": "Yu",
        "phone": "6016691931",
        "email": "lastmidnoon@gmail.com",
        "address_line_1": "1885 El Paseo Street",
        "address_line_2": "APT 844",
        "country": "United States",
        "state": "TX",
        "city": "Houston",
        "order_note": "111",
        "order_total": 1420.86,
        "tax": 27.86,
        "status": "New",
        "ip": "127.0.0.1",
        "is_ordered": false,
        "created_at": "2023-01-20T22:09:32.555Z",
        "updated_at": "2023-01-20T22:09:32.693Z"
    }
},
{
    "model": "orders.order",
    "pk": 39,
    "fields": {
        "user": [
            "lastmidnoon@gmail.com"
        ],
        "payment": null,
        "order_number": "2023012039",
        "first_name": "Yue",
        "last_name": "Yu",
        "phone": "6016691931",
        "email": "lastmidnoon@gmail.com",
        "address_line_1": "1885 El Paseo Street",
        "address_line_2": "APT 844",
        "country": "United States",
        "state": "TX",
        "city": "Houston",
        "order_note": "1111",
        "order_total": 202.98,
        "tax": 3.98,
        "status": "New",
        "ip": "127.0.0.1",
        "is_ordered": false,
        "created_at": "2023-01-20T22:11:35.780Z",
        "updated_at": "2023-01-20T22:11:35.898Z"
    }
},
{
    "model": "orders.order",
    "pk": 40,
    "fields": {
        "user": [
            "lastmidnoon@gmail.com"
        ],
        "payment": null,
        "order_number": "2023012040",
        "first_name": "Yue",
        "last_name": "Yu",
        "phone": "6016691931",
        "email": "lastmidnoon@gmail.com",
        "address_line_1": "1885 El Paseo Street",
        "address_line_2": "APT 844",
        "country": "United States",
        "state": "TX",
        "city": "Houston",
        "order_note": "111",
        "order_total": 202.98,
        "tax": 3.98,
        "status": "New",
        "ip": "127.0.0.1",
        "is_ordered": false,
        "created_at": "2023-01-20T23:12:02.808Z",
        "updated_at": "2023-01-20T23:12:02.949Z"
    }
},
{
    "model": "orders.order",
    "pk": 41,
    "fields": {
        "user": [
            "lastmidnoon@gmail.com"
        ],
        "payment": null,
        "order_number": "2023012041",
        "first_name": "Yue",
        "last_name": "Yu",
        "phone": "6016691931",
        "email": "lastmidnoon@gmail.com",
        "address_line_1": "1885 El Paseo Street",
        "address_line_2": "APT 844",
        "country": "United States",
        "state": "TX",
        "city": "Houston",
        "order_note": "111",
        "order_total": 202.98,
        "tax": 3.98,
        "status": "New",
        "ip": "127.0.0.1",
        "is_ordered": false,
        "created_at": "2023-01-20T23:43:09.540Z",
        "updated_at": "2023-01-20T23:43:09.673Z"
    }
},
{
    "model": "orders.order",
    "pk": 42,
    "fields": {
        "user": [
            "lastmidnoon@gmail.com"
        ],
        "payment": null,
        "order_number": "2023012042",
        "first_name": "Yue",
        "last_name": "Yu",
        "phone": "6016691931",
        "email": "lastmidnoon@gmail.com",
        "address_line_1": "1885 El Paseo Street",
        "address_line_2": "APT 844",
        "country": "United States",
        "state": "TX",
        "city": "Houston",
        "order_note": "111",
        "order_total": 405.96,
        "tax": 7.96,
        "status": "New",
        "ip": "127.0.0.1",
        "is_ordered": false,
        "created_at": "2023-01-21T05:18:28.441Z",
        "updated_at": "2023-01-21T05:18:28.571Z"
    }
},
{
    "model": "orders.order",
    "pk": 43,
    "fields": {
        "user": [
            "lastmidnoon@gmail.com"
        ],
        "payment": null,
        "order_number": "2023012043",
        "first_name": "Yue",
        "last_name": "Yu",
        "phone": "6016691931",
        "email": "lastmidnoon@gmail.com",
        "address_line_1": "1885 El Paseo Street",
        "address_line_2": "APT 844",
        "country": "United States",
        "state": "TX",
        "city": "Houston",
        "order_note": "111",
        "order_total": 405.96,
        "tax": 7.96,
        "status": "New",
        "ip": "127.0.0.1",
        "is_ordered": false,
        "created_at": "2023-01-21T05:57:31.002Z",
        "updated_at": "2023-01-21T05:57:31.120Z"
    }
},
{
    "model": "orders.order",
    "pk": 44,
    "fields": {
        "user": [
            "lastmidnoon@gmail.com"
        ],
        "payment": null,
        "order_number": "2023012144",
        "first_name": "Yue",
        "last_name": "Yu",
        "phone": "6016691931",
        "email": "lastmidnoon@gmail.com",
        "address_line_1": "1885 El Paseo Street",
        "address_line_2": "APT 844",
        "country": "United States",
        "state": "TX",
        "city": "Houston",
        "order_note": "111",
        "order_total": 608.94,
        "tax": 11.94,
        "status": "New",
        "ip": "127.0.0.1",
        "is_ordered": false,
        "created_at": "2023-01-21T19:23:23.148Z",
        "updated_at": "2023-01-21T19:23:23.222Z"
    }
},
{
    "model": "orders.order",
    "pk": 45,
    "fields": {
        "user": [
            "lastmidnoon@gmail.com"
        ],
        "payment": null,
        "order_number": "2023012145",
        "first_name": "Yue",
        "last_name": "Yu",
        "phone": "6016691931",
        "email": "lastmidnoon@gmail.com",
        "address_line_1": "1885 El Paseo Street",
        "address_line_2": "APT 844",
        "country": "United States",
        "state": "TX",
        "city": "Houston",
        "order_note": "111",
        "order_total": 811.92,
        "tax": 15.92,
        "status": "New",
        "ip": "127.0.0.1",
        "is_ordered": false,
        "created_at": "2023-01-22T03:19:39.831Z",
        "updated_at": "2023-01-22T03:19:39.912Z"
    }
},
{
    "model": "orders.order",
    "pk": 46,
    "fields": {
        "user": [
            "lastmidnoon@gmail.com"
        ],
        "payment": null,
        "order_number": "2023012146",
        "first_name": "Yue",
        "last_name": "Yu",
        "phone": "6016691931",
        "email": "lastmidnoon@gmail.com",
        "address_line_1": "1885 El Paseo Street",
        "address_line_2": "APT 844",
        "country": "United States",
        "state": "TX",
        "city": "Houston",
        "order_note": "111",
        "order_total": 811.92,
        "tax": 15.92,
        "status": "New",
        "ip": "127.0.0.1",
        "is_ordered": false,
        "created_at": "2023-01-22T03:21:29.567Z",
        "updated_at": "2023-01-22T03:21:29.650Z"
    }
},
{
    "model": "admin.logentry",
    "pk": 1,
    "fields": {
        "action_time": "2023-01-16T07:23:25.635Z",
        "user": [
            "lastmidnoon@gmail.com"
        ],
        "content_type": [
            "category",
            "category"
        ],
        "object_id": "1",
        "object_repr": "Shirts",
        "action_flag": 1,
        "change_message": "[{\"added\": {}}]"
    }
},
{
    "model": "admin.logentry",
    "pk": 2,
    "fields": {
        "action_time": "2023-01-16T07:27:04.769Z",
        "user": [
            "lastmidnoon@gmail.com"
        ],
        "content_type": [
            "category",
            "category"
        ],
        "object_id": "1",
        "object_repr": "Shirts",
        "action_flag": 2,
        "change_message": "[]"
    }
},
{
    "model": "admin.logentry",
    "pk": 3,
    "fields": {
        "action_time": "2023-01-16T07:27:51.843Z",
        "user": [
            "lastmidnoon@gmail.com"
        ],
        "content_type": [
            "category",
            "category"
        ],
        "object_id": "2",
        "object_repr": "T Shirt",
        "action_flag": 1,
        "change_message": "[{\"added\": {}}]"
    }
},
{
    "model": "admin.logentry",
    "pk": 4,
    "fields": {
        "action_time": "2023-01-16T07:28:13.045Z",
        "user": [
            "lastmidnoon@gmail.com"
        ],
        "content_type": [
            "category",
            "category"
        ],
        "object_id": "3",
        "object_repr": "Shoes",
        "action_flag": 1,
        "change_message": "[{\"added\": {}}]"
    }
},
{
    "model": "admin.logentry",
    "pk": 5,
    "fields": {
        "action_time": "2023-01-16T07:28:37.828Z",
        "user": [
            "lastmidnoon@gmail.com"
        ],
        "content_type": [
            "category",
            "category"
        ],
        "object_id": "4",
        "object_repr": "Jeans",
        "action_flag": 1,
        "change_message": "[{\"added\": {}}]"
    }
},
{
    "model": "admin.logentry",
    "pk": 6,
    "fields": {
        "action_time": "2023-01-16T07:28:59.364Z",
        "user": [
            "lastmidnoon@gmail.com"
        ],
        "content_type": [
            "category",
            "category"
        ],
        "object_id": "5",
        "object_repr": "Jackets",
        "action_flag": 1,
        "change_message": "[{\"added\": {}}]"
    }
},
{
    "model": "admin.logentry",
    "pk": 7,
    "fields": {
        "action_time": "2023-01-16T22:45:42.531Z",
        "user": [
            "lastmidnoon@gmail.com"
        ],
        "content_type": [
            "store",
            "product"
        ],
        "object_id": "1",
        "object_repr": "ATX-Jeans",
        "action_flag": 1,
        "change_message": "[{\"added\": {}}]"
    }
},
{
    "model": "admin.logentry",
    "pk": 8,
    "fields": {
        "action_time": "2023-01-16T22:46:46.599Z",
        "user": [
            "lastmidnoon@gmail.com"
        ],
        "content_type": [
            "store",
            "product"
        ],
        "object_id": "2",
        "object_repr": "Blue-Shirt",
        "action_flag": 1,
        "change_message": "[{\"added\": {}}]"
    }
},
{
    "model": "admin.logentry",
    "pk": 9,
    "fields": {
        "action_time": "2023-01-16T22:47:30.228Z",
        "user": [
            "lastmidnoon@gmail.com"
        ],
        "content_type": [
            "store",
            "product"
        ],
        "object_id": "3",
        "object_repr": "Great-Tshirt",
        "action_flag": 1,
        "change_message": "[{\"added\": {}}]"
    }
},
{
    "model": "admin.logentry",
    "pk": 10,
    "fields": {
        "action_time": "2023-01-16T22:49:33.372Z",
        "user": [
            "lastmidnoon@gmail.com"
        ],
        "content_type": [
            "store",
            "product"
        ],
        "object_id": "4",
        "object_repr": "jordan-true-flight-basketball-shoes",
        "action_flag": 1,
        "change_message": "[{\"added\": {}}]"
    }
},
{
    "model": "admin.logentry",
    "pk": 11,
    "fields": {
        "action_time": "2023-01-16T22:50:29.536Z",
        "user": [
            "lastmidnoon@gmail.com"
        ],
        "content_type": [
            "store",
            "product"
        ],
        "object_id": "5",
        "object_repr": "Mavi_jeans",
        "action_flag": 1,
        "change_message": "[{\"added\": {}}]"
    }
},
{
    "model": "admin.logentry",
    "pk": 12,
    "fields": {
        "action_time": "2023-01-16T22:51:21.735Z",
        "user": [
            "lastmidnoon@gmail.com"
        ],
        "content_type": [
            "store",
            "product"
        ],
        "object_id": "6",
        "object_repr": "Puma-Ferrari-Shoes",
        "action_flag": 1,
        "change_message": "[{\"added\": {}}]"
    }
},
{
    "model": "admin.logentry",
    "pk": 13,
    "fields": {
        "action_time": "2023-01-16T22:52:03.226Z",
        "user": [
            "lastmidnoon@gmail.com"
        ],
        "content_type": [
            "store",
            "product"
        ],
        "object_id": "7",
        "object_repr": "US-Polo-Assn_Jacket",
        "action_flag": 1,
        "change_message": "[{\"added\": {}}]"
    }
},
{
    "model": "admin.logentry",
    "pk": 14,
    "fields": {
        "action_time": "2023-01-16T22:52:42.409Z",
        "user": [
            "lastmidnoon@gmail.com"
        ],
        "content_type": [
            "store",
            "product"
        ],
        "object_id": "8",
        "object_repr": "Wrangler-Shirt",
        "action_flag": 1,
        "change_message": "[{\"added\": {}}]"
    }
},
{
    "model": "admin.logentry",
    "pk": 15,
    "fields": {
        "action_time": "2023-01-16T23:32:07.103Z",
        "user": [
            "lastmidnoon@gmail.com"
        ],
        "content_type": [
            "category",
            "category"
        ],
        "object_id": "1",
        "object_repr": "Shirts",
        "action_flag": 2,
        "change_message": "[{\"changed\": {\"fields\": [\"Slug\"]}}]"
    }
},
{
    "model": "admin.logentry",
    "pk": 16,
    "fields": {
        "action_time": "2023-01-17T00:54:20.065Z",
        "user": [
            "lastmidnoon@gmail.com"
        ],
        "content_type": [
            "store",
            "product"
        ],
        "object_id": "3",
        "object_repr": "Great-Tshirt",
        "action_flag": 2,
        "change_message": "[{\"changed\": {\"fields\": [\"Stock\"]}}]"
    }
},
{
    "model": "admin.logentry",
    "pk": 17,
    "fields": {
        "action_time": "2023-01-18T04:03:17.963Z",
        "user": [
            "lastmidnoon@gmail.com"
        ],
        "content_type": [
            "store",
            "variation"
        ],
        "object_id": "1",
        "object_repr": "Variation object (1)",
        "action_flag": 1,
        "change_message": "[{\"added\": {}}]"
    }
},
{
    "model": "admin.logentry",
    "pk": 18,
    "fields": {
        "action_time": "2023-01-18T04:03:32.719Z",
        "user": [
            "lastmidnoon@gmail.com"
        ],
        "content_type": [
            "store",
            "variation"
        ],
        "object_id": "2",
        "object_repr": "Variation object (2)",
        "action_flag": 1,
        "change_message": "[{\"added\": {}}]"
    }
},
{
    "model": "admin.logentry",
    "pk": 19,
    "fields": {
        "action_time": "2023-01-18T04:03:42.094Z",
        "user": [
            "lastmidnoon@gmail.com"
        ],
        "content_type": [
            "store",
            "variation"
        ],
        "object_id": "3",
        "object_repr": "Variation object (3)",
        "action_flag": 1,
        "change_message": "[{\"added\": {}}]"
    }
},
{
    "model": "admin.logentry",
    "pk": 20,
    "fields": {
        "action_time": "2023-01-18T04:17:00.681Z",
        "user": [
            "lastmidnoon@gmail.com"
        ],
        "content_type": [
            "store",
            "variation"
        ],
        "object_id": "4",
        "object_repr": "Variation object (4)",
        "action_flag": 1,
        "change_message": "[{\"added\": {}}]"
    }
},
{
    "model": "admin.logentry",
    "pk": 21,
    "fields": {
        "action_time": "2023-01-18T04:23:00.580Z",
        "user": [
            "lastmidnoon@gmail.com"
        ],
        "content_type": [
            "store",
            "variation"
        ],
        "object_id": "5",
        "object_repr": "Variation object (5)",
        "action_flag": 1,
        "change_message": "[{\"added\": {}}]"
    }
},
{
    "model": "admin.logentry",
    "pk": 22,
    "fields": {
        "action_time": "2023-01-18T04:23:10.590Z",
        "user": [
            "lastmidnoon@gmail.com"
        ],
        "content_type": [
            "store",
            "variation"
        ],
        "object_id": "6",
        "object_repr": "Variation object (6)",
        "action_flag": 1,
        "change_message": "[{\"added\": {}}]"
    }
},
{
    "model": "admin.logentry",
    "pk": 23,
    "fields": {
        "action_time": "2023-01-18T05:43:52.202Z",
        "user": [
            "lastmidnoon@gmail.com"
        ],
        "content_type": [
            "carts",
            "cartitem"
        ],
        "object_id": "15",
        "object_repr": "CartItem object (15)",
        "action_flag": 2,
        "change_message": "[]"
    }
},
{
    "model": "admin.logentry",
    "pk": 24,
    "fields": {
        "action_time": "2023-01-19T03:49:01.844Z",
        "user": [
            "lastmidnoon@gmail.com"
        ],
        "content_type": [
            "accounts",
            "account"
        ],
        "object_id": "7",
        "object_repr": "lastmidnoon1@gmail.com",
        "action_flag": 3,
        "change_message": ""
    }
},
{
    "model": "admin.logentry",
    "pk": 25,
    "fields": {
        "action_time": "2023-01-19T03:49:07.320Z",
        "user": [
            "lastmidnoon@gmail.com"
        ],
        "content_type": [
            "accounts",
            "account"
        ],
        "object_id": "6",
        "object_repr": "yue.yu@rice.edu",
        "action_flag": 3,
        "change_message": ""
    }
},
{
    "model": "admin.logentry",
    "pk": 26,
    "fields": {
        "action_time": "2023-01-19T03:49:11.154Z",
        "user": [
            "lastmidnoon@gmail.com"
        ],
        "content_type": [
            "accounts",
            "account"
        ],
        "object_id": "5",
        "object_repr": "yueyu2168@gmail.com",
        "action_flag": 3,
        "change_message": ""
    }
},
{
    "model": "admin.logentry",
    "pk": 27,
    "fields": {
        "action_time": "2023-01-19T03:49:14.093Z",
        "user": [
            "lastmidnoon@gmail.com"
        ],
        "content_type": [
            "accounts",
            "account"
        ],
        "object_id": "4",
        "object_repr": "Yue.Yu@uth.tmc.edu",
        "action_flag": 3,
        "change_message": ""
    }
},
{
    "model": "admin.logentry",
    "pk": 28,
    "fields": {
        "action_time": "2023-01-19T03:49:18.310Z",
        "user": [
            "lastmidnoon@gmail.com"
        ],
        "content_type": [
            "accounts",
            "account"
        ],
        "object_id": "3",
        "object_repr": "yue@greatkart.com",
        "action_flag": 3,
        "change_message": ""
    }
},
{
    "model": "admin.logentry",
    "pk": 29,
    "fields": {
        "action_time": "2023-01-19T04:22:35.343Z",
        "user": [
            "lastmidnoon@gmail.com"
        ],
        "content_type": [
            "accounts",
            "account"
        ],
        "object_id": "8",
        "object_repr": "lastmidnoon1@gmail.com",
        "action_flag": 3,
        "change_message": ""
    }
},
{
    "model": "admin.logentry",
    "pk": 30,
    "fields": {
        "action_time": "2023-01-19T04:23:46.905Z",
        "user": [
            "lastmidnoon@gmail.com"
        ],
        "content_type": [
            "accounts",
            "account"
        ],
        "object_id": "9",
        "object_repr": "lastmidnoon1@gmail.com",
        "action_flag": 3,
        "change_message": ""
    }
},
{
    "model": "admin.logentry",
    "pk": 31,
    "fields": {
        "action_time": "2023-01-20T02:53:12.161Z",
        "user": [
            "lastmidnoon@gmail.com"
        ],
        "content_type": [
            "carts",
            "cartitem"
        ],
        "object_id": "26",
        "object_repr": "CartItem object (26)",
        "action_flag": 3,
        "change_message": ""
    }
},
{
    "model": "admin.logentry",
    "pk": 32,
    "fields": {
        "action_time": "2023-01-20T02:53:12.297Z",
        "user": [
            "lastmidnoon@gmail.com"
        ],
        "content_type": [
            "carts",
            "cartitem"
        ],
        "object_id": "25",
        "object_repr": "CartItem object (25)",
        "action_flag": 3,
        "change_message": ""
    }
},
{
    "model": "admin.logentry",
    "pk": 33,
    "fields": {
        "action_time": "2023-01-20T02:53:12.442Z",
        "user": [
            "lastmidnoon@gmail.com"
        ],
        "content_type": [
            "carts",
            "cartitem"
        ],
        "object_id": "24",
        "object_repr": "CartItem object (24)",
        "action_flag": 3,
        "change_message": ""
    }
},
{
    "model": "admin.logentry",
    "pk": 34,
    "fields": {
        "action_time": "2023-01-20T02:53:12.523Z",
        "user": [
            "lastmidnoon@gmail.com"
        ],
        "content_type": [
            "carts",
            "cartitem"
        ],
        "object_id": "23",
        "object_repr": "CartItem object (23)",
        "action_flag": 3,
        "change_message": ""
    }
},
{
    "model": "admin.logentry",
    "pk": 35,
    "fields": {
        "action_time": "2023-01-20T02:53:12.623Z",
        "user": [
            "lastmidnoon@gmail.com"
        ],
        "content_type": [
            "carts",
            "cartitem"
        ],
        "object_id": "22",
        "object_repr": "CartItem object (22)",
        "action_flag": 3,
        "change_message": ""
    }
},
{
    "model": "admin.logentry",
    "pk": 36,
    "fields": {
        "action_time": "2023-01-20T02:53:12.725Z",
        "user": [
            "lastmidnoon@gmail.com"
        ],
        "content_type": [
            "carts",
            "cartitem"
        ],
        "object_id": "21",
        "object_repr": "CartItem object (21)",
        "action_flag": 3,
        "change_message": ""
    }
},
{
    "model": "admin.logentry",
    "pk": 37,
    "fields": {
        "action_time": "2023-01-20T02:53:12.814Z",
        "user": [
            "lastmidnoon@gmail.com"
        ],
        "content_type": [
            "carts",
            "cartitem"
        ],
        "object_id": "19",
        "object_repr": "CartItem object (19)",
        "action_flag": 3,
        "change_message": ""
    }
},
{
    "model": "admin.logentry",
    "pk": 38,
    "fields": {
        "action_time": "2023-01-20T03:00:57.013Z",
        "user": [
            "lastmidnoon@gmail.com"
        ],
        "content_type": [
            "carts",
            "cartitem"
        ],
        "object_id": "28",
        "object_repr": "CartItem object (28)",
        "action_flag": 3,
        "change_message": ""
    }
},
{
    "model": "admin.logentry",
    "pk": 39,
    "fields": {
        "action_time": "2023-01-20T03:07:10.801Z",
        "user": [
            "lastmidnoon@gmail.com"
        ],
        "content_type": [
            "carts",
            "cartitem"
        ],
        "object_id": "29",
        "object_repr": "CartItem object (29)",
        "action_flag": 3,
        "change_message": ""
    }
},
{
    "model": "admin.logentry",
    "pk": 40,
    "fields": {
        "action_time": "2023-01-20T03:11:14.078Z",
        "user": [
            "lastmidnoon@gmail.com"
        ],
        "content_type": [
            "carts",
            "cartitem"
        ],
        "object_id": "31",
        "object_repr": "CartItem object (31)",
        "action_flag": 3,
        "change_message": ""
    }
},
{
    "model": "admin.logentry",
    "pk": 41,
    "fields": {
        "action_time": "2023-01-20T03:11:14.195Z",
        "user": [
            "lastmidnoon@gmail.com"
        ],
        "content_type": [
            "carts",
            "cartitem"
        ],
        "object_id": "30",
        "object_repr": "CartItem object (30)",
        "action_flag": 3,
        "change_message": ""
    }
},
{
    "model": "admin.logentry",
    "pk": 42,
    "fields": {
        "action_time": "2023-01-20T03:14:54.561Z",
        "user": [
            "lastmidnoon@gmail.com"
        ],
        "content_type": [
            "carts",
            "cartitem"
        ],
        "object_id": "36",
        "object_repr": "CartItem object (36)",
        "action_flag": 3,
        "change_message": ""
    }
},
{
    "model": "admin.logentry",
    "pk": 43,
    "fields": {
        "action_time": "2023-01-20T03:14:54.736Z",
        "user": [
            "lastmidnoon@gmail.com"
        ],
        "content_type": [
            "carts",
            "cartitem"
        ],
        "object_id": "35",
        "object_repr": "CartItem object (35)",
        "action_flag": 3,
        "change_message": ""
    }
},
{
    "model": "admin.logentry",
    "pk": 44,
    "fields": {
        "action_time": "2023-01-20T03:14:54.863Z",
        "user": [
            "lastmidnoon@gmail.com"
        ],
        "content_type": [
            "carts",
            "cartitem"
        ],
        "object_id": "34",
        "object_repr": "CartItem object (34)",
        "action_flag": 3,
        "change_message": ""
    }
},
{
    "model": "admin.logentry",
    "pk": 45,
    "fields": {
        "action_time": "2023-01-20T03:14:54.961Z",
        "user": [
            "lastmidnoon@gmail.com"
        ],
        "content_type": [
            "carts",
            "cartitem"
        ],
        "object_id": "33",
        "object_repr": "CartItem object (33)",
        "action_flag": 3,
        "change_message": ""
    }
},
{
    "model": "admin.logentry",
    "pk": 46,
    "fields": {
        "action_time": "2023-01-20T03:14:55.055Z",
        "user": [
            "lastmidnoon@gmail.com"
        ],
        "content_type": [
            "carts",
            "cartitem"
        ],
        "object_id": "32",
        "object_repr": "CartItem object (32)",
        "action_flag": 3,
        "change_message": ""
    }
},
{
    "model": "admin.logentry",
    "pk": 47,
    "fields": {
        "action_time": "2023-01-20T03:15:08.493Z",
        "user": [
            "lastmidnoon@gmail.com"
        ],
        "content_type": [
            "carts",
            "cart"
        ],
        "object_id": "14",
        "object_repr": "lkld3qkpl9ywsi3wn17lpaljipzuxp3d",
        "action_flag": 3,
        "change_message": ""
    }
},
{
    "model": "admin.logentry",
    "pk": 48,
    "fields": {
        "action_time": "2023-01-20T03:15:08.612Z",
        "user": [
            "lastmidnoon@gmail.com"
        ],
        "content_type": [
            "carts",
            "cart"
        ],
        "object_id": "13",
        "object_repr": "hv9y59uc9eu7k32xkt3bzxwfeaiv2tku",
        "action_flag": 3,
        "change_message": ""
    }
},
{
    "model": "admin.logentry",
    "pk": 49,
    "fields": {
        "action_time": "2023-01-20T03:15:08.721Z",
        "user": [
            "lastmidnoon@gmail.com"
        ],
        "content_type": [
            "carts",
            "cart"
        ],
        "object_id": "12",
        "object_repr": "5wrrb26ywzeewr6wrygjpls8mm4ekwx1",
        "action_flag": 3,
        "change_message": ""
    }
},
{
    "model": "admin.logentry",
    "pk": 50,
    "fields": {
        "action_time": "2023-01-20T03:15:08.840Z",
        "user": [
            "lastmidnoon@gmail.com"
        ],
        "content_type": [
            "carts",
            "cart"
        ],
        "object_id": "11",
        "object_repr": "s0i2xwf5ha9lone8ia5icdycm25h33iu",
        "action_flag": 3,
        "change_message": ""
    }
},
{
    "model": "admin.logentry",
    "pk": 51,
    "fields": {
        "action_time": "2023-01-20T03:15:08.921Z",
        "user": [
            "lastmidnoon@gmail.com"
        ],
        "content_type": [
            "carts",
            "cart"
        ],
        "object_id": "10",
        "object_repr": "vsp9yxy3md5o71hg9stp7cwda7uljn7x",
        "action_flag": 3,
        "change_message": ""
    }
},
{
    "model": "admin.logentry",
    "pk": 52,
    "fields": {
        "action_time": "2023-01-20T03:15:09.028Z",
        "user": [
            "lastmidnoon@gmail.com"
        ],
        "content_type": [
            "carts",
            "cart"
        ],
        "object_id": "9",
        "object_repr": "vzy2b08ecscfd7ufrndvdzdks9p6sn88",
        "action_flag": 3,
        "change_message": ""
    }
},
{
    "model": "admin.logentry",
    "pk": 53,
    "fields": {
        "action_time": "2023-01-20T03:15:09.132Z",
        "user": [
            "lastmidnoon@gmail.com"
        ],
        "content_type": [
            "carts",
            "cart"
        ],
        "object_id": "8",
        "object_repr": "dtf5fqtt45l3rcm5748sj1oehehmt1qc",
        "action_flag": 3,
        "change_message": ""
    }
},
{
    "model": "admin.logentry",
    "pk": 54,
    "fields": {
        "action_time": "2023-01-20T03:15:09.229Z",
        "user": [
            "lastmidnoon@gmail.com"
        ],
        "content_type": [
            "carts",
            "cart"
        ],
        "object_id": "7",
        "object_repr": "p1cr6yrdfexorwckzpjxzxruovg0xlq2",
        "action_flag": 3,
        "change_message": ""
    }
},
{
    "model": "admin.logentry",
    "pk": 55,
    "fields": {
        "action_time": "2023-01-20T03:15:09.340Z",
        "user": [
            "lastmidnoon@gmail.com"
        ],
        "content_type": [
            "carts",
            "cart"
        ],
        "object_id": "6",
        "object_repr": "0u7r8sz43wlgsem7noxeb6e3nkzjr64n",
        "action_flag": 3,
        "change_message": ""
    }
},
{
    "model": "admin.logentry",
    "pk": 56,
    "fields": {
        "action_time": "2023-01-20T03:15:09.429Z",
        "user": [
            "lastmidnoon@gmail.com"
        ],
        "content_type": [
            "carts",
            "cart"
        ],
        "object_id": "5",
        "object_repr": "wzpdcp19266jlqcoor3cl2s9uquejjor",
        "action_flag": 3,
        "change_message": ""
    }
},
{
    "model": "admin.logentry",
    "pk": 57,
    "fields": {
        "action_time": "2023-01-20T03:15:09.540Z",
        "user": [
            "lastmidnoon@gmail.com"
        ],
        "content_type": [
            "carts",
            "cart"
        ],
        "object_id": "4",
        "object_repr": "jkj040160g8f5ir98m6l0zqmsn4xuu2y",
        "action_flag": 3,
        "change_message": ""
    }
},
{
    "model": "admin.logentry",
    "pk": 58,
    "fields": {
        "action_time": "2023-01-20T03:15:09.621Z",
        "user": [
            "lastmidnoon@gmail.com"
        ],
        "content_type": [
            "carts",
            "cart"
        ],
        "object_id": "3",
        "object_repr": "adq0bw1hbpa3cy28xojdet5xn6fmm63n",
        "action_flag": 3,
        "change_message": ""
    }
},
{
    "model": "admin.logentry",
    "pk": 59,
    "fields": {
        "action_time": "2023-01-20T03:15:09.740Z",
        "user": [
            "lastmidnoon@gmail.com"
        ],
        "content_type": [
            "carts",
            "cart"
        ],
        "object_id": "2",
        "object_repr": "xrt4li2gzdxd4z22v6uczzl9lxtbd8oh",
        "action_flag": 3,
        "change_message": ""
    }
},
{
    "model": "admin.logentry",
    "pk": 60,
    "fields": {
        "action_time": "2023-01-20T03:15:09.873Z",
        "user": [
            "lastmidnoon@gmail.com"
        ],
        "content_type": [
            "carts",
            "cart"
        ],
        "object_id": "1",
        "object_repr": "xm3eh271bmt8phe6pmb1uaok0r9krg04",
        "action_flag": 3,
        "change_message": ""
    }
},
{
    "model": "admin.logentry",
    "pk": 61,
    "fields": {
        "action_time": "2023-01-20T03:30:09.150Z",
        "user": [
            "lastmidnoon@gmail.com"
        ],
        "content_type": [
            "carts",
            "cart"
        ],
        "object_id": "16",
        "object_repr": "141hmsycxor6p3bdo27zvf5ntma2wnpn",
        "action_flag": 3,
        "change_message": ""
    }
},
{
    "model": "admin.logentry",
    "pk": 62,
    "fields": {
        "action_time": "2023-01-20T03:30:09.470Z",
        "user": [
            "lastmidnoon@gmail.com"
        ],
        "content_type": [
            "carts",
            "cart"
        ],
        "object_id": "15",
        "object_repr": "coruu2b267zdx9h5ggbgcf5jnxyoc6bk",
        "action_flag": 3,
        "change_message": ""
    }
},
{
    "model": "admin.logentry",
    "pk": 63,
    "fields": {
        "action_time": "2023-01-20T03:30:15.411Z",
        "user": [
            "lastmidnoon@gmail.com"
        ],
        "content_type": [
            "carts",
            "cartitem"
        ],
        "object_id": "39",
        "object_repr": "CartItem object (39)",
        "action_flag": 3,
        "change_message": ""
    }
},
{
    "model": "admin.logentry",
    "pk": 64,
    "fields": {
        "action_time": "2023-01-20T03:45:02.757Z",
        "user": [
            "lastmidnoon@gmail.com"
        ],
        "content_type": [
            "carts",
            "cartitem"
        ],
        "object_id": "41",
        "object_repr": "CartItem object (41)",
        "action_flag": 3,
        "change_message": ""
    }
},
{
    "model": "admin.logentry",
    "pk": 65,
    "fields": {
        "action_time": "2023-01-20T03:45:02.884Z",
        "user": [
            "lastmidnoon@gmail.com"
        ],
        "content_type": [
            "carts",
            "cartitem"
        ],
        "object_id": "40",
        "object_repr": "CartItem object (40)",
        "action_flag": 3,
        "change_message": ""
    }
},
{
    "model": "admin.logentry",
    "pk": 66,
    "fields": {
        "action_time": "2023-01-20T03:45:07.957Z",
        "user": [
            "lastmidnoon@gmail.com"
        ],
        "content_type": [
            "carts",
            "cart"
        ],
        "object_id": "18",
        "object_repr": "1gamduvwa8l7iluo1599mupnxselhq2s",
        "action_flag": 3,
        "change_message": ""
    }
},
{
    "model": "admin.logentry",
    "pk": 67,
    "fields": {
        "action_time": "2023-01-20T03:45:08.065Z",
        "user": [
            "lastmidnoon@gmail.com"
        ],
        "content_type": [
            "carts",
            "cart"
        ],
        "object_id": "17",
        "object_repr": "oq6uqdg3u8arp0tkvswy40pvrq18se9o",
        "action_flag": 3,
        "change_message": ""
    }
},
{
    "model": "admin.logentry",
    "pk": 68,
    "fields": {
        "action_time": "2023-01-20T06:24:57.942Z",
        "user": [
            "lastmidnoon@gmail.com"
        ],
        "content_type": [
            "orders",
            "order"
        ],
        "object_id": "1",
        "object_repr": "Order object (1)",
        "action_flag": 3,
        "change_message": ""
    }
},
{
    "model": "admin.logentry",
    "pk": 69,
    "fields": {
        "action_time": "2023-01-20T22:11:17.865Z",
        "user": [
            "lastmidnoon@gmail.com"
        ],
        "content_type": [
            "carts",
            "cart"
        ],
        "object_id": "23",
        "object_repr": "fdluadcnbw17f2ftmu8c81peee4jr3va",
        "action_flag": 3,
        "change_message": ""
    }
},
{
    "model": "admin.logentry",
    "pk": 70,
    "fields": {
        "action_time": "2023-01-20T22:11:17.988Z",
        "user": [
            "lastmidnoon@gmail.com"
        ],
        "content_type": [
            "carts",
            "cart"
        ],
        "object_id": "22",
        "object_repr": "q6b0dlc9au1nfwgj0gizcmxkx79yopmz",
        "action_flag": 3,
        "change_message": ""
    }
},
{
    "model": "admin.logentry",
    "pk": 71,
    "fields": {
        "action_time": "2023-01-20T22:11:18.099Z",
        "user": [
            "lastmidnoon@gmail.com"
        ],
        "content_type": [
            "carts",
            "cart"
        ],
        "object_id": "21",
        "object_repr": "ma67uk1oh6vu8kis8bcwrmrfycs67z1u",
        "action_flag": 3,
        "change_message": ""
    }
},
{
    "model": "admin.logentry",
    "pk": 72,
    "fields": {
        "action_time": "2023-01-20T22:11:18.196Z",
        "user": [
            "lastmidnoon@gmail.com"
        ],
        "content_type": [
            "carts",
            "cart"
        ],
        "object_id": "20",
        "object_repr": "c46jo1hjcivjdsqajcic7v6x1q4p67aq",
        "action_flag": 3,
        "change_message": ""
    }
},
{
    "model": "admin.logentry",
    "pk": 73,
    "fields": {
        "action_time": "2023-01-20T22:11:18.307Z",
        "user": [
            "lastmidnoon@gmail.com"
        ],
        "content_type": [
            "carts",
            "cart"
        ],
        "object_id": "19",
        "object_repr": "3lsq9po5eiugeyms2x07ztyfgpfvbwx1",
        "action_flag": 3,
        "change_message": ""
    }
},
{
    "model": "admin.logentry",
    "pk": 74,
    "fields": {
        "action_time": "2023-01-21T06:04:13.009Z",
        "user": [
            "lastmidnoon@gmail.com"
        ],
        "content_type": [
            "store",
            "reviewrating"
        ],
        "object_id": "1",
        "object_repr": "Test subject",
        "action_flag": 2,
        "change_message": "[]"
    }
},
{
    "model": "admin.logentry",
    "pk": 75,
    "fields": {
        "action_time": "2023-01-21T06:04:31.551Z",
        "user": [
            "lastmidnoon@gmail.com"
        ],
        "content_type": [
            "store",
            "reviewrating"
        ],
        "object_id": "2",
        "object_repr": "Test email2",
        "action_flag": 1,
        "change_message": "[{\"added\": {}}]"
    }
},
{
    "model": "admin.logentry",
    "pk": 76,
    "fields": {
        "action_time": "2023-01-21T19:17:50.230Z",
        "user": [
            "lastmidnoon@gmail.com"
        ],
        "content_type": [
            "accounts",
            "account"
        ],
        "object_id": "1",
        "object_repr": "lastmidnoon@gmail.com",
        "action_flag": 2,
        "change_message": "[{\"changed\": {\"fields\": [\"Phone number\"]}}]"
    }
},
{
    "model": "admin.logentry",
    "pk": 77,
    "fields": {
        "action_time": "2023-01-21T20:17:05.706Z",
        "user": [
            "lastmidnoon@gmail.com"
        ],
        "content_type": [
            "accounts",
            "userprofile"
        ],
        "object_id": "1",
        "object_repr": "admin",
        "action_flag": 1,
        "change_message": "[{\"added\": {}}]"
    }
},
{
    "model": "admin.logentry",
    "pk": 78,
    "fields": {
        "action_time": "2023-01-22T01:19:23.461Z",
        "user": [
            "lastmidnoon@gmail.com"
        ],
        "content_type": [
            "store",
            "product"
        ],
        "object_id": "1",
        "object_repr": "ATX-Jeans",
        "action_flag": 2,
        "change_message": "[{\"added\": {\"name\": \"productgallery\", \"object\": \"ATX-Jeans\"}}]"
    }
},
{
    "model": "admin.logentry",
    "pk": 79,
    "fields": {
        "action_time": "2023-01-22T01:19:36.262Z",
        "user": [
            "lastmidnoon@gmail.com"
        ],
        "content_type": [
            "store",
            "product"
        ],
        "object_id": "1",
        "object_repr": "ATX-Jeans",
        "action_flag": 2,
        "change_message": "[{\"added\": {\"name\": \"productgallery\", \"object\": \"ATX-Jeans\"}}]"
    }
},
{
    "model": "admin.logentry",
    "pk": 80,
    "fields": {
        "action_time": "2023-01-22T01:19:45.964Z",
        "user": [
            "lastmidnoon@gmail.com"
        ],
        "content_type": [
            "store",
            "product"
        ],
        "object_id": "1",
        "object_repr": "ATX-Jeans",
        "action_flag": 2,
        "change_message": "[{\"added\": {\"name\": \"productgallery\", \"object\": \"ATX-Jeans\"}}]"
    }
}
]
